<?xml version="1.0"?>
<ruleset name="Custom Rules">
    <description>PHPMD Rules for WordPress Plugin</description>

    <!-- Include directories to analyze -->
    <file>core/</file>
    <file>lib/</file>
    <file>includes/</file>

    <!-- Exclude the 'vendor' directory -->
    <exclude-pattern>vendor/</exclude-pattern>

    <!-- Define the rulesets you want to apply -->
    <rule ref="rulesets/cleancode.xml" />
    <rule ref="rulesets/codesize.xml" />
    <rule ref="rulesets/controversial.xml" />
    <rule ref="rulesets/design.xml" />
    <rule ref="rulesets/naming.xml" />
    <rule ref="rulesets/unusedcode.xml" />
</ruleset>
